Feature,Mean_Absolute_SHAP
BiGRU_Latent_Dim_122,0.5566463
Static_AGE,0.2666976
gcs_verbal_Std,0.19747676
gcs_motor_Max,0.13324726
BiGRU_Latent_Dim_1,0.12433131
chloride_Mean,0.10442652
gcs_verbal_Max,0.094841875
BiGRU_Latent_Dim_118,0.09300045
lactate_Min,0.088645995
temp_c_Mean,0.08085042
Static_CHARLSON_COMORBIDITY_INDEX,0.07572747
gcs_eye_Mean,0.07329897
Static_BASELINE_SOFA,0.07138024
BiGRU_Latent_Dim_72,0.06826612
gcs_eye_Max,0.06741944
temp_c_Max,0.063599765
hemoglobin_Min,0.06274415
BiGRU_Latent_Dim_113,0.06191327
spo2_Std,0.060433727
aptt_Std,0.059766166
BiGRU_Latent_Dim_46,0.05923046
BiGRU_Latent_Dim_30,0.058720123
neq_Min,0.058345113
BiGRU_Latent_Dim_86,0.053819958
pt_Mean,0.052045748
BiGRU_Latent_Dim_34,0.051559977
creatinine_Std,0.050268114
hemoglobin_Max,0.048881605
BiGRU_Latent_Dim_102,0.04498426
glucose_Max,0.043099787
BiGRU_Latent_Dim_52,0.04214816
chloride_Max,0.041943505
bun_Max,0.04021793
neq_Max,0.040064786
BiGRU_Latent_Dim_125,0.039956313
BiGRU_Latent_Dim_111,0.038748372
aptt_Mean,0.038669802
BiGRU_Latent_Dim_103,0.03803937
BiGRU_Latent_Dim_62,0.037919033
neq_Std,0.037901405
bun_Mean,0.03718267
chloride_Std,0.035377897
BiGRU_Latent_Dim_117,0.035357457
bilirubin_Min,0.03484073
lactate_Mean,0.034828436
gcs_motor_Mean,0.034307495
BiGRU_Latent_Dim_66,0.034005158
BiGRU_Latent_Dim_109,0.03335516
creatinine_Min,0.032845963
albumin_Min,0.032160215
BiGRU_Latent_Dim_88,0.032051556
gcs_eye_Std,0.03179844
vent_Min,0.03032707
BiGRU_Latent_Dim_44,0.030299703
BiGRU_Latent_Dim_6,0.029615484
albumin_Max,0.029326223
BiGRU_Latent_Dim_76,0.027666692
BiGRU_Latent_Dim_127,0.027322065
bilirubin_Max,0.02719215
BiGRU_Latent_Dim_41,0.02676521
aptt_Max,0.0265416
BiGRU_Latent_Dim_85,0.026443273
fio2_Min,0.026343906
bun_Std,0.026335374
chloride_Min,0.025994021
sodium_Min,0.025518363
BiGRU_Latent_Dim_51,0.025332233
BiGRU_Latent_Dim_115,0.025182407
BiGRU_Latent_Dim_4,0.025167326
BiGRU_Latent_Dim_79,0.025156235
BiGRU_Latent_Dim_45,0.02509595
BiGRU_Latent_Dim_106,0.02476719
creatinine_Max,0.024536898
BiGRU_Latent_Dim_14,0.024165664
potassium_Max,0.023014473
gcs_verbal_Mean,0.022900496
BiGRU_Latent_Dim_40,0.022797085
pt_Min,0.0227163
sodium_Mean,0.021992521
temp_c_Min,0.021970304
BiGRU_Latent_Dim_108,0.021930901
BiGRU_Latent_Dim_58,0.021319102
spo2_Mean,0.021280773
potassium_Min,0.021237869
BiGRU_Latent_Dim_23,0.020346353
map_Min,0.020142073
pt_Max,0.019946685
bilirubin_Mean,0.019745292
BiGRU_Latent_Dim_13,0.01961884
sodium_Max,0.019026393
BiGRU_Latent_Dim_7,0.018825952
BiGRU_Latent_Dim_73,0.018690255
ph_Min,0.018675646
BiGRU_Latent_Dim_97,0.018471193
sodium_Std,0.018414885
BiGRU_Latent_Dim_48,0.0184014
BiGRU_Latent_Dim_22,0.018353082
BiGRU_Latent_Dim_81,0.017473297
BiGRU_Latent_Dim_28,0.017430129
paco2_Max,0.017038058
BiGRU_Latent_Dim_38,0.016602593
lactate_Max,0.016074454
bun_Min,0.015992597
ph_Std,0.015724907
BiGRU_Latent_Dim_77,0.015708223
map_Std,0.015696725
ph_Mean,0.015475349
neq_Mean,0.015457326
BiGRU_Latent_Dim_15,0.015403193
BiGRU_Latent_Dim_10,0.015385032
rr_Std,0.015275445
BiGRU_Latent_Dim_21,0.015261324
paco2_Std,0.015258302
BiGRU_Latent_Dim_114,0.015175248
BiGRU_Latent_Dim_61,0.015137987
BiGRU_Latent_Dim_29,0.014960085
BiGRU_Latent_Dim_95,0.014927599
glucose_Std,0.014838456
BiGRU_Latent_Dim_43,0.014813781
BiGRU_Latent_Dim_33,0.014770845
BiGRU_Latent_Dim_54,0.01474739
BiGRU_Latent_Dim_8,0.014504289
pf_ratio_Max,0.014378446
BiGRU_Latent_Dim_104,0.014314753
BiGRU_Latent_Dim_55,0.014147733
platelets_Max,0.013770921
BiGRU_Latent_Dim_74,0.013712698
BiGRU_Latent_Dim_32,0.013621947
BiGRU_Latent_Dim_93,0.013486034
BiGRU_Latent_Dim_5,0.013467003
urine_output_Std,0.013439772
BiGRU_Latent_Dim_26,0.013397102
hemoglobin_Std,0.013226783
BiGRU_Latent_Dim_105,0.013119603
BiGRU_Latent_Dim_82,0.013009474
aptt_Min,0.012919442
wbc_Min,0.012764777
BiGRU_Latent_Dim_87,0.012749207
pf_ratio_Min,0.012596399
BiGRU_Latent_Dim_2,0.01199403
glucose_Min,0.011904614
wbc_Std,0.011890111
BiGRU_Latent_Dim_84,0.011850576
pao2_Mean,0.011653637
BiGRU_Latent_Dim_65,0.01153289
pao2_Min,0.01152832
BiGRU_Latent_Dim_39,0.011526109
paco2_Min,0.011391499
BiGRU_Latent_Dim_110,0.011188642
albumin_Std,0.011173556
BiGRU_Latent_Dim_121,0.011099693
platelets_Min,0.011088997
pao2_Max,0.010983961
bilirubin_Std,0.010909532
pt_Std,0.0107460385
hr_Std,0.010715803
BiGRU_Latent_Dim_3,0.010608878
BiGRU_Latent_Dim_70,0.010594599
BiGRU_Latent_Dim_18,0.010527902
rr_Max,0.010514542
hemoglobin_Mean,0.010497014
BiGRU_Latent_Dim_57,0.010411965
BiGRU_Latent_Dim_101,0.010393166
hr_Mean,0.01033239
fio2_Std,0.01031697
BiGRU_Latent_Dim_36,0.010296485
platelets_Mean,0.010278751
rr_Mean,0.01023637
potassium_Std,0.010214202
BiGRU_Latent_Dim_24,0.010137816
spo2_Min,0.010079917
BiGRU_Latent_Dim_0,0.009935703
BiGRU_Latent_Dim_60,0.009577869
BiGRU_Latent_Dim_100,0.009544717
BiGRU_Latent_Dim_90,0.009517166
paco2_Mean,0.009439957
temp_c_Std,0.009428683
BiGRU_Latent_Dim_71,0.009344594
pao2_Std,0.0092829345
pf_ratio_Std,0.009279553
BiGRU_Latent_Dim_37,0.009164174
albumin_Mean,0.00909311
gcs_eye_Min,0.0090680085
BiGRU_Latent_Dim_94,0.008864445
gcs_motor_Std,0.008826879
lactate_Std,0.008720251
urine_output_Min,0.008604776
fio2_Max,0.008545016
wbc_Mean,0.008519514
BiGRU_Latent_Dim_42,0.008513757
BiGRU_Latent_Dim_31,0.00847075
BiGRU_Latent_Dim_92,0.008394536
BiGRU_Latent_Dim_78,0.008318842
BiGRU_Latent_Dim_69,0.008218585
glucose_Mean,0.008209833
ph_Max,0.008112152
hr_Max,0.008078806
BiGRU_Latent_Dim_68,0.008012966
BiGRU_Latent_Dim_123,0.007998807
creatinine_Mean,0.007984593
BiGRU_Latent_Dim_99,0.007880678
BiGRU_Latent_Dim_17,0.007831269
BiGRU_Latent_Dim_107,0.0077183982
BiGRU_Latent_Dim_119,0.0076293293
map_Mean,0.0075306958
wbc_Max,0.007431778
BiGRU_Latent_Dim_75,0.0074045775
fio2_Mean,0.007260886
potassium_Mean,0.0071068965
BiGRU_Latent_Dim_116,0.0070314985
vent_Mean,0.006897789
pf_ratio_Mean,0.006867716
BiGRU_Latent_Dim_11,0.0067712986
BiGRU_Latent_Dim_80,0.0065956754
BiGRU_Latent_Dim_53,0.0065510785
rr_Min,0.006526652
gcs_motor_Min,0.006520953
BiGRU_Latent_Dim_63,0.006505526
platelets_Std,0.0064230263
BiGRU_Latent_Dim_120,0.0063958983
BiGRU_Latent_Dim_126,0.0063647763
BiGRU_Latent_Dim_56,0.0063174465
vent_Std,0.005901824
BiGRU_Latent_Dim_20,0.005869885
BiGRU_Latent_Dim_124,0.005861316
BiGRU_Latent_Dim_64,0.005856154
BiGRU_Latent_Dim_25,0.0058280975
BiGRU_Latent_Dim_83,0.00565076
BiGRU_Latent_Dim_47,0.005641346
BiGRU_Latent_Dim_59,0.0055725384
BiGRU_Latent_Dim_96,0.005532043
BiGRU_Latent_Dim_19,0.0055175144
hr_Min,0.0055055064
BiGRU_Latent_Dim_49,0.005495811
urine_output_Max,0.005365526
urine_output_Mean,0.005358988
BiGRU_Latent_Dim_16,0.005355224
BiGRU_Latent_Dim_89,0.00533147
BiGRU_Latent_Dim_112,0.00523538
BiGRU_Latent_Dim_12,0.0051339497
map_Max,0.0050484645
BiGRU_Latent_Dim_91,0.004641249
BiGRU_Latent_Dim_50,0.004505251
BiGRU_Latent_Dim_27,0.0044249427
BiGRU_Latent_Dim_35,0.004043929
BiGRU_Latent_Dim_98,0.0038442223
gcs_verbal_Min,0.0034157108
BiGRU_Latent_Dim_9,0.0031506126
spo2_Max,0.0029177808
BiGRU_Latent_Dim_67,0.002830757
Static_GENDER,0.001117932
vent_Max,0.00011114088
